<?xml version="1.0" encoding="UTF-8" standalone="yes"?>
<metadataSupplement>
    <tables>
        <table dataLocale="en_US" dataSources="ds7" resourceIdentifier="'cas-shared-default','CASUSER','REGULAR_SEASON_FULL_RD_SEEDED','en_US'" tableModifiedTimeStamp="2023-02-28T03:25:12.074Z">
            <columns>
                <column dataType="double" format="BEST4." label="Season" xref="Season"/>
                <column dataType="double" format="BEST3." label="DayNum" xref="DayNum"/>
                <column dataType="double" format="BEST4." label="WTeamID" xref="WTeamID"/>
                <column dataType="string" label="WTeamName" xref="WTeamName"/>
                <column dataType="double" format="BEST3." label="WScore" xref="WScore"/>
                <column dataType="string" label="WCoachName" xref="WCoachName"/>
                <column dataType="string" label="WConfAbbrev" xref="WConfAbbrev"/>
                <column dataType="string" label="WTourneySeed" xref="WTourneySeed"/>
                <column dataType="double" format="BEST4." label="LTeamID" xref="LTeamID"/>
                <column dataType="string" label="LTeamName" xref="LTeamName"/>
                <column dataType="double" format="BEST3." label="LScore" xref="LScore"/>
                <column dataType="string" label="LCoachName" xref="LCoachName"/>
                <column dataType="string" label="LConfAbbrev" xref="LConfAbbrev"/>
                <column dataType="string" label="LTourneySeed" xref="LTourneySeed"/>
                <column dataType="string" label="WLoc" xref="WLoc"/>
                <column dataType="double" format="BEST1." label="NumOT" xref="NumOT"/>
                <column dataType="double" format="BEST2." label="WFGM" xref="WFGM"/>
                <column dataType="double" format="BEST3." label="WFGA" xref="WFGA"/>
                <column dataType="double" format="BEST2." label="WFGM3" xref="WFGM3"/>
                <column dataType="double" format="BEST2." label="WFGA3" xref="WFGA3"/>
                <column dataType="double" format="BEST2." label="WFTM" xref="WFTM"/>
                <column dataType="double" format="BEST2." label="WFTA" xref="WFTA"/>
                <column dataType="double" format="BEST2." label="WOR" xref="WOR"/>
                <column dataType="double" format="BEST2." label="WDR" xref="WDR"/>
                <column dataType="double" format="BEST2." label="WAst" xref="WAst"/>
                <column dataType="double" format="BEST2." label="WTO" xref="WTO"/>
                <column dataType="double" format="BEST2." label="WStl" xref="WStl"/>
                <column dataType="double" format="BEST2." label="WBlk" xref="WBlk"/>
                <column dataType="double" format="BEST2." label="WPF" xref="WPF"/>
                <column dataType="double" format="BEST2." label="LFGM" xref="LFGM"/>
                <column dataType="double" format="BEST3." label="LFGA" xref="LFGA"/>
                <column dataType="double" format="BEST2." label="LFGM3" xref="LFGM3"/>
                <column dataType="double" format="BEST2." label="LFGA3" xref="LFGA3"/>
                <column dataType="double" format="BEST2." label="LFTM" xref="LFTM"/>
                <column dataType="double" format="BEST2." label="LFTA" xref="LFTA"/>
                <column dataType="double" format="BEST2." label="LOR" xref="LOR"/>
                <column dataType="double" format="BEST2." label="LDR" xref="LDR"/>
                <column dataType="double" format="BEST2." label="LAst" xref="LAst"/>
                <column dataType="double" format="BEST2." label="LTO" xref="LTO"/>
                <column dataType="double" format="BEST2." label="LStl" xref="LStl"/>
                <column dataType="double" format="BEST2." label="LBlk" xref="LBlk"/>
                <column dataType="double" format="BEST2." label="LPF" xref="LPF"/>
            </columns>
        </table>
        <table dataLocale="en_US" dataSources="ds52" resourceIdentifier="'cas-shared-default','CASUSER','NCAAT_DETAILS_FULL_RD','en_US'" tableModifiedTimeStamp="2023-02-28T03:25:12.113Z">
            <columns>
                <column dataType="double" format="BEST4." label="Season" xref="Season"/>
                <column dataType="double" format="BEST3." label="DayNum" xref="DayNum"/>
                <column dataType="double" format="BEST4." label="WTeamID" xref="WTeamID"/>
                <column dataType="string" label="WTeamName" xref="WTeamName"/>
                <column dataType="double" format="BEST3." label="WScore" xref="WScore"/>
                <column dataType="string" label="WTourney_Seed" xref="WTourney_Seed"/>
                <column dataType="double" format="BEST4." label="LTeamID" xref="LTeamID"/>
                <column dataType="string" label="LTeamName" xref="LTeamName"/>
                <column dataType="double" format="BEST3." label="LScore" xref="LScore"/>
                <column dataType="string" label="LTourney_Seed" xref="LTourney_Seed"/>
                <column dataType="string" label="WLoc" xref="WLoc"/>
                <column dataType="double" format="BEST1." label="NumOT" xref="NumOT"/>
                <column dataType="double" format="BEST2." label="WFGM" xref="WFGM"/>
                <column dataType="double" format="BEST2." label="WFGA" xref="WFGA"/>
                <column dataType="double" format="BEST2." label="WFGM3" xref="WFGM3"/>
                <column dataType="double" format="BEST2." label="WFGA3" xref="WFGA3"/>
                <column dataType="double" format="BEST2." label="WFTM" xref="WFTM"/>
                <column dataType="double" format="BEST2." label="WFTA" xref="WFTA"/>
                <column dataType="double" format="BEST2." label="WOR" xref="WOR"/>
                <column dataType="double" format="BEST2." label="WDR" xref="WDR"/>
                <column dataType="double" format="BEST2." label="WAst" xref="WAst"/>
                <column dataType="double" format="BEST2." label="WTO" xref="WTO"/>
                <column dataType="double" format="BEST2." label="WStl" xref="WStl"/>
                <column dataType="double" format="BEST2." label="WBlk" xref="WBlk"/>
                <column dataType="double" format="BEST2." label="WPF" xref="WPF"/>
                <column dataType="double" format="BEST2." label="LFGM" xref="LFGM"/>
                <column dataType="double" format="BEST2." label="LFGA" xref="LFGA"/>
                <column dataType="double" format="BEST2." label="LFGM3" xref="LFGM3"/>
                <column dataType="double" format="BEST2." label="LFGA3" xref="LFGA3"/>
                <column dataType="double" format="BEST2." label="LFTM" xref="LFTM"/>
                <column dataType="double" format="BEST2." label="LFTA" xref="LFTA"/>
                <column dataType="double" format="BEST2." label="LOR" xref="LOR"/>
                <column dataType="double" format="BEST2." label="LDR" xref="LDR"/>
                <column dataType="double" format="BEST2." label="LAst" xref="LAst"/>
                <column dataType="double" format="BEST2." label="LTO" xref="LTO"/>
                <column dataType="double" format="BEST2." label="LStl" xref="LStl"/>
                <column dataType="double" format="BEST2." label="LBlk" xref="LBlk"/>
                <column dataType="double" format="BEST2." label="LPF" xref="LPF"/>
                <column dataType="string" label="WConfAbbrev" xref="WConfAbbrev"/>
                <column dataType="string" label="WRegion" xref="WRegion"/>
                <column dataType="string" label="WCoachName" xref="WCoachName"/>
                <column dataType="string" label="LConfAbbrev" xref="LConfAbbrev"/>
                <column dataType="string" label="LRegion" xref="LRegion"/>
                <column dataType="string" label="LCoachName" xref="LCoachName"/>
                <column dataType="double" format="BEST12." label="Upset" xref="Upset"/>
            </columns>
        </table>
        <table dataLocale="en_US" dataSources="ds100" resourceIdentifier="'cas-shared-default','CASUSER','FIRST_ROUND_RD','en_US'" tableModifiedTimeStamp="2023-02-28T03:25:09.327Z">
            <columns>
                <column dataType="double" format="BEST4." label="Season" xref="Season"/>
                <column dataType="double" format="BEST3." label="DayNum" xref="DayNum"/>
                <column dataType="double" format="BEST4." label="WTeamID" xref="WTeamID"/>
                <column dataType="string" label="WTeamName" xref="WTeamName"/>
                <column dataType="double" format="BEST3." label="WScore" xref="WScore"/>
                <column dataType="string" label="WTourney_Seed" xref="WTourney_Seed"/>
                <column dataType="double" format="BEST4." label="LTeamID" xref="LTeamID"/>
                <column dataType="string" label="LTeamName" xref="LTeamName"/>
                <column dataType="double" format="BEST3." label="LScore" xref="LScore"/>
                <column dataType="string" label="LTourney_Seed" xref="LTourney_Seed"/>
                <column dataType="string" label="WLoc" xref="WLoc"/>
                <column dataType="double" format="BEST1." label="NumOT" xref="NumOT"/>
                <column dataType="double" format="BEST2." label="WFGM" xref="WFGM"/>
                <column dataType="double" format="BEST2." label="WFGA" xref="WFGA"/>
                <column dataType="double" format="BEST2." label="WFGM3" xref="WFGM3"/>
                <column dataType="double" format="BEST2." label="WFGA3" xref="WFGA3"/>
                <column dataType="double" format="BEST2." label="WFTM" xref="WFTM"/>
                <column dataType="double" format="BEST2." label="WFTA" xref="WFTA"/>
                <column dataType="double" format="BEST2." label="WOR" xref="WOR"/>
                <column dataType="double" format="BEST2." label="WDR" xref="WDR"/>
                <column dataType="double" format="BEST2." label="WAst" xref="WAst"/>
                <column dataType="double" format="BEST2." label="WTO" xref="WTO"/>
                <column dataType="double" format="BEST2." label="WStl" xref="WStl"/>
                <column dataType="double" format="BEST2." label="WBlk" xref="WBlk"/>
                <column dataType="double" format="BEST2." label="WPF" xref="WPF"/>
                <column dataType="double" format="BEST2." label="LFGM" xref="LFGM"/>
                <column dataType="double" format="BEST2." label="LFGA" xref="LFGA"/>
                <column dataType="double" format="BEST2." label="LFGM3" xref="LFGM3"/>
                <column dataType="double" format="BEST2." label="LFGA3" xref="LFGA3"/>
                <column dataType="double" format="BEST2." label="LFTM" xref="LFTM"/>
                <column dataType="double" format="BEST2." label="LFTA" xref="LFTA"/>
                <column dataType="double" format="BEST2." label="LOR" xref="LOR"/>
                <column dataType="double" format="BEST2." label="LDR" xref="LDR"/>
                <column dataType="double" format="BEST2." label="LAst" xref="LAst"/>
                <column dataType="double" format="BEST2." label="LTO" xref="LTO"/>
                <column dataType="double" format="BEST2." label="LStl" xref="LStl"/>
                <column dataType="double" format="BEST2." label="LBlk" xref="LBlk"/>
                <column dataType="double" format="BEST2." label="LPF" xref="LPF"/>
                <column dataType="string" label="WConfAbbrev" xref="WConfAbbrev"/>
                <column dataType="string" label="WRegion" xref="WRegion"/>
                <column dataType="string" label="WCoachName" xref="WCoachName"/>
                <column dataType="string" label="LConfAbbrev" xref="LConfAbbrev"/>
                <column dataType="string" label="LRegion" xref="LRegion"/>
                <column dataType="string" label="LCoachName" xref="LCoachName"/>
                <column dataType="double" format="BEST12." label="Upset" xref="Upset"/>
            </columns>
        </table>
        <table dataLocale="en_US" dataSources="ds148" resourceIdentifier="'cas-shared-default','Public','FIRST_ROUND_COUNTS_FULL','en_US'" tableModifiedTimeStamp="2023-02-28T03:25:54.529Z">
            <columns>
                <column dataType="double" format="BEST12." label="Season" xref="Season"/>
                <column dataType="string" label="WTeamName" xref="WTeamName"/>
                <column dataType="double" format="BEST12." label="Wcount" xref="Wcount"/>
            </columns>
        </table>
        <table dataLocale="en_US" dataSources="ds154" resourceIdentifier="'cas-shared-default','CASUSER','FIRST_ROUND_WINNERS','en_US'" tableModifiedTimeStamp="2023-02-28T03:26:45.782Z">
            <columns>
                <column dataType="double" format="BEST4." label="Season" xref="Season"/>
                <column dataType="double" format="BEST3." label="DayNum" xref="DayNum"/>
                <column dataType="double" format="BEST4." label="WTeamID" xref="WTeamID"/>
                <column dataType="string" label="WTeamName" xref="WTeamName"/>
                <column dataType="double" format="BEST3." label="WScore" xref="WScore"/>
                <column dataType="string" label="WTourney_Seed" xref="WTourney_Seed"/>
                <column dataType="double" format="BEST1." label="NumOT" xref="NumOT"/>
                <column dataType="double" format="BEST2." label="WFGM" xref="WFGM"/>
                <column dataType="double" format="BEST2." label="WFGA" xref="WFGA"/>
                <column dataType="double" format="BEST2." label="WFGM3" xref="WFGM3"/>
                <column dataType="double" format="BEST2." label="WFGA3" xref="WFGA3"/>
                <column dataType="double" format="BEST2." label="WFTM" xref="WFTM"/>
                <column dataType="double" format="BEST2." label="WFTA" xref="WFTA"/>
                <column dataType="double" format="BEST2." label="WOR" xref="WOR"/>
                <column dataType="double" format="BEST2." label="WDR" xref="WDR"/>
                <column dataType="double" format="BEST2." label="WAst" xref="WAst"/>
                <column dataType="double" format="BEST2." label="WTO" xref="WTO"/>
                <column dataType="double" format="BEST2." label="WStl" xref="WStl"/>
                <column dataType="double" format="BEST2." label="WBlk" xref="WBlk"/>
                <column dataType="double" format="BEST2." label="WPF" xref="WPF"/>
                <column dataType="string" label="WConfAbbrev" xref="WConfAbbrev"/>
                <column dataType="string" label="WRegion" xref="WRegion"/>
                <column dataType="string" label="WCoachName" xref="WCoachName"/>
                <column dataType="double" format="BEST12." label="Upset" xref="Upset"/>
            </columns>
        </table>
        <table dataLocale="en_US" dataSources="ds181" resourceIdentifier="'cas-shared-default','CASUSER','FIRST_ROUND_LOSERS','en_US'" tableModifiedTimeStamp="2023-02-28T03:27:16.431Z">
            <columns>
                <column dataType="double" format="BEST4." label="Season" xref="Season"/>
                <column dataType="double" format="BEST3." label="DayNum" xref="DayNum"/>
                <column dataType="double" format="BEST4." label="LTeamID" xref="LTeamID"/>
                <column dataType="string" label="LTeamName" xref="LTeamName"/>
                <column dataType="string" label="LTourney_Seed" xref="LTourney_Seed"/>
                <column dataType="double" format="BEST1." label="NumOT" xref="NumOT"/>
                <column dataType="double" format="BEST2." label="LFGM" xref="LFGM"/>
                <column dataType="double" format="BEST2." label="LFGA" xref="LFGA"/>
                <column dataType="double" format="BEST2." label="LFGM3" xref="LFGM3"/>
                <column dataType="double" format="BEST2." label="LFGA3" xref="LFGA3"/>
                <column dataType="double" format="BEST2." label="LFTM" xref="LFTM"/>
                <column dataType="double" format="BEST2." label="LFTA" xref="LFTA"/>
                <column dataType="double" format="BEST2." label="LOR" xref="LOR"/>
                <column dataType="double" format="BEST2." label="LDR" xref="LDR"/>
                <column dataType="double" format="BEST2." label="LAst" xref="LAst"/>
                <column dataType="double" format="BEST2." label="LTO" xref="LTO"/>
                <column dataType="double" format="BEST2." label="LStl" xref="LStl"/>
                <column dataType="double" format="BEST2." label="LBlk" xref="LBlk"/>
                <column dataType="double" format="BEST2." label="LPF" xref="LPF"/>
                <column dataType="string" label="LConfAbbrev" xref="LConfAbbrev"/>
                <column dataType="string" label="LRegion" xref="LRegion"/>
                <column dataType="string" label="LCoachName" xref="LCoachName"/>
                <column dataType="double" format="BEST12." label="Upset" xref="Upset"/>
            </columns>
        </table>
        <table dataLocale="en_US" dataSources="ds2078" resourceIdentifier="'cas-shared-default','CASUSER','NCAAT_STANDARDIZED','en_US'" tableModifiedTimeStamp="2023-03-01T15:44:27.185Z">
            <columns>
                <column dataType="double" format="BEST12." label="Season" xref="Season"/>
                <column dataType="double" format="BEST12." label="DayNum" xref="DayNum"/>
                <column dataType="double" format="BEST12." label="TeamID" xref="TeamID"/>
                <column dataType="string" label="TeamName" xref="TeamName"/>
                <column dataType="double" format="BEST12." label="Score" xref="Score"/>
                <column dataType="string" label="Tourney_Seed" xref="Tourney_Seed"/>
                <column dataType="double" format="BEST12." label="FGM" xref="FGM"/>
                <column dataType="double" format="BEST12." label="FGA" xref="FGA"/>
                <column dataType="double" format="BEST12." label="FGM3" xref="FGM3"/>
                <column dataType="double" format="BEST12." label="FGA3" xref="FGA3"/>
                <column dataType="double" format="BEST12." label="FTM" xref="FTM"/>
                <column dataType="double" format="BEST12." label="FTA" xref="FTA"/>
                <column dataType="double" format="BEST12." label="OR" xref="OR"/>
                <column dataType="double" format="BEST12." label="DR" xref="DR"/>
                <column dataType="double" format="BEST12." label="Ast" xref="Ast"/>
                <column dataType="double" format="BEST12." label="TO" xref="TO"/>
                <column dataType="double" format="BEST12." label="Stl" xref="Stl"/>
                <column dataType="double" format="BEST12." label="Blk" xref="Blk"/>
                <column dataType="double" format="BEST12." label="PF" xref="PF"/>
                <column dataType="string" label="ConfAbbrev" xref="ConfAbbrev"/>
                <column dataType="string" label="Region" xref="Region"/>
                <column dataType="string" label="CoachName" xref="CoachName"/>
                <column dataType="double" format="BEST12." label="Upset" xref="Upset"/>
                <column dataType="double" format="BEST12." label="Win" xref="Win"/>
                <column dataType="double" format="BEST12." label="Loss" xref="Loss"/>
            </columns>
        </table>
    </tables>
    <version>2</version>
</metadataSupplement>
