<?xml version="1.0" encoding="UTF-8" standalone="yes"?>
<reportPackage>
    <dataLevel>offline</dataLevel>
    <files>
        <file contentKey="CPNA5IIYAK6JNRAKVWBEH3XLRBIIKEPX" name="report" type="report">
            <links>
                <link href="/report.xml" method="GET" rel="content" type="application/vnd.sas.report.content" uri="/report.xml"/>
            </links>
        </file>
        <file contentKey="YIUL25NQLJ2EVRMABA6N3ISHVCFKB54Z" name="basems1.css" type="css">
            <links>
                <link href="/css/basems1.css" method="GET" rel="content" type="text/css" uri="/css/basems1.css"/>
            </links>
        </file>
        <file contentKey="K7VGHFJOBCOLD6DSKZXDYYELCEVGIDI7" name="highcontrast.css" type="css">
            <links>
                <link href="/css/highcontrast.css" method="GET" rel="content" type="text/css" uri="/css/highcontrast.css"/>
            </links>
        </file>
        <file contentKey="5QI5BEXUQDEYA432CX54CWX2G3MRDSXV" name="ms1.css" type="css">
            <links>
                <link href="/css/ms1.css" method="GET" rel="content" type="text/css" uri="/css/ms1.css"/>
            </links>
        </file>
        <file contentKey="ZALQJQX23KJK2APC2WTATRCWO4QJBYQ4" name="dd5782.csv" type="data">
            <links>
                <link href="/data/dd5782.csv" method="GET" rel="content" type="text/csv" uri="/data/dd5782.csv"/>
            </links>
        </file>
        <file contentKey="SZW2INHBCV4DEKAPHPZUOTVFDPNYMP4M" name="dd5782index.csv" type="data">
            <links>
                <link href="/data/dd5782index.csv" method="GET" rel="content" type="text/csv" uri="/data/dd5782index.csv"/>
            </links>
        </file>
        <file contentKey="HT2DGMQL6FWTXTTXZDK35Z3TPD4YNSXC" name="dd2602.csv" type="data">
            <links>
                <link href="/data/dd2602.csv" method="GET" rel="content" type="text/csv" uri="/data/dd2602.csv"/>
            </links>
        </file>
        <file contentKey="OM2FOEHA2EIOD52LN2J77PMTGVNEA7P3" name="dd2605.csv" type="data">
            <links>
                <link href="/data/dd2605.csv" method="GET" rel="content" type="text/csv" uri="/data/dd2605.csv"/>
            </links>
        </file>
        <file contentKey="VGFN55RQ27H6NQQEBMBJ423BVN6OZJHK" name="dd3076.csv" type="data">
            <links>
                <link href="/data/dd3076.csv" method="GET" rel="content" type="text/csv" uri="/data/dd3076.csv"/>
            </links>
        </file>
        <file contentKey="TR2YHDVPBAOAV2IQMCRXG6T5WLJOOT5K" name="dd3076index.csv" type="data">
            <links>
                <link href="/data/dd3076index.csv" method="GET" rel="content" type="text/csv" uri="/data/dd3076index.csv"/>
            </links>
        </file>
        <file contentKey="KVROBGVPVVWDGMLWOT4C24DSDSTP22UM" name="dd3084.csv" type="data">
            <links>
                <link href="/data/dd3084.csv" method="GET" rel="content" type="text/csv" uri="/data/dd3084.csv"/>
            </links>
        </file>
        <file contentKey="BLXHXM5RZU4W2IQERM5WPXQXY2HWIXMY" name="dd3084index.csv" type="data">
            <links>
                <link href="/data/dd3084index.csv" method="GET" rel="content" type="text/csv" uri="/data/dd3084index.csv"/>
            </links>
        </file>
        <file contentKey="CC4YK7B6LPSBBQDMOZP5AK5BCKWPF6TI" name="dd3085.csv" type="data">
            <links>
                <link href="/data/dd3085.csv" method="GET" rel="content" type="text/csv" uri="/data/dd3085.csv"/>
            </links>
        </file>
        <file contentKey="UCQFJB7UOCQJUG7BN7XRUJPCRVSDTEPH" name="dd5144.csv" type="data">
            <links>
                <link href="/data/dd5144.csv" method="GET" rel="content" type="text/csv" uri="/data/dd5144.csv"/>
            </links>
        </file>
        <file contentKey="IBU3N24V7LFQWMQZ3LUHR7NSNIUNLCK5" name="dd5144index.csv" type="data">
            <links>
                <link href="/data/dd5144index.csv" method="GET" rel="content" type="text/csv" uri="/data/dd5144index.csv"/>
            </links>
        </file>
        <file contentKey="X6D33CZGMFRSOS376AAKYMFVEY7QLXUV" name="dd2473.csv" type="data">
            <links>
                <link href="/data/dd2473.csv" method="GET" rel="content" type="text/csv" uri="/data/dd2473.csv"/>
            </links>
        </file>
        <file contentKey="LUO4AIZSZX22SLDGC4QKAPFJEKVLZ26I" name="dd2473index.csv" type="data">
            <links>
                <link href="/data/dd2473index.csv" method="GET" rel="content" type="text/csv" uri="/data/dd2473index.csv"/>
            </links>
        </file>
        <file contentKey="3AVECPP43OPCP6W6ASAHFECDHLA5K2JF" name="dd225.csv" type="data">
            <links>
                <link href="/data/dd225.csv" method="GET" rel="content" type="text/csv" uri="/data/dd225.csv"/>
            </links>
        </file>
        <file contentKey="BHSPQHTLNTDE7KRJYCUTZQ2CAIEBDZOK" name="dd225index.csv" type="data">
            <links>
                <link href="/data/dd225index.csv" method="GET" rel="content" type="text/csv" uri="/data/dd225index.csv"/>
            </links>
        </file>
        <file contentKey="V6SSBHIN2KWBD6XQYTEHHEA7LV2PUK7L" name="dd2465.csv" type="data">
            <links>
                <link href="/data/dd2465.csv" method="GET" rel="content" type="text/csv" uri="/data/dd2465.csv"/>
            </links>
        </file>
        <file contentKey="LUO4AIZSZX22SLDGC4QKAPFJEKVLZ26I" name="dd2465index.csv" type="data">
            <links>
                <link href="/data/dd2465index.csv" method="GET" rel="content" type="text/csv" uri="/data/dd2465index.csv"/>
            </links>
        </file>
        <file contentKey="F6T7DQFANDMQYDGQOIM3SLHWUFEKSW7K" name="dd524.csv" type="data">
            <links>
                <link href="/data/dd524.csv" method="GET" rel="content" type="text/csv" uri="/data/dd524.csv"/>
            </links>
        </file>
        <file contentKey="62VI5Z7DNUDTACYKPWJSRCDL3VUZXB3J" name="dd524index.csv" type="data">
            <links>
                <link href="/data/dd524index.csv" method="GET" rel="content" type="text/csv" uri="/data/dd524index.csv"/>
            </links>
        </file>
        <file contentKey="IE4OTSA4CSXVPS66SHCI7Z6J2FZBZUIU" name="dd441.csv" type="data">
            <links>
                <link href="/data/dd441.csv" method="GET" rel="content" type="text/csv" uri="/data/dd441.csv"/>
            </links>
        </file>
        <file contentKey="56C5G3MDFE3ZBMZCK5AK4H4ZWSKMCSNR" name="dd441index.csv" type="data">
            <links>
                <link href="/data/dd441index.csv" method="GET" rel="content" type="text/csv" uri="/data/dd441index.csv"/>
            </links>
        </file>
        <file contentKey="2QWFOQ2BRWYWND3J4OQHQHPNSPITAK7R" name="dd373.csv" type="data">
            <links>
                <link href="/data/dd373.csv" method="GET" rel="content" type="text/csv" uri="/data/dd373.csv"/>
            </links>
        </file>
        <file contentKey="WAOLTXBXGHWWQC4GOY23LPID3XX2CU6L" name="dd373index.csv" type="data">
            <links>
                <link href="/data/dd373index.csv" method="GET" rel="content" type="text/csv" uri="/data/dd373index.csv"/>
            </links>
        </file>
        <file contentKey="UZYK455TRC5KPAJHU7HDGAGSW3XXFEJF" name="dd413.csv" type="data">
            <links>
                <link href="/data/dd413.csv" method="GET" rel="content" type="text/csv" uri="/data/dd413.csv"/>
            </links>
        </file>
        <file contentKey="PRIBZCYSWIAP6HLNCKO5KUMRLNUX4ZCR" name="dd413index.csv" type="data">
            <links>
                <link href="/data/dd413index.csv" method="GET" rel="content" type="text/csv" uri="/data/dd413index.csv"/>
            </links>
        </file>
        <file contentKey="EN675C27XDQGGZ4IPV43BFUSCEIH6MMM" name="dd429.csv" type="data">
            <links>
                <link href="/data/dd429.csv" method="GET" rel="content" type="text/csv" uri="/data/dd429.csv"/>
            </links>
        </file>
        <file contentKey="7O6CJSAH2KVSQDWVJ6QNJYTXVDVIN4AG" name="dd429index.csv" type="data">
            <links>
                <link href="/data/dd429index.csv" method="GET" rel="content" type="text/csv" uri="/data/dd429index.csv"/>
            </links>
        </file>
        <file contentKey="BFTP5KRHUENMBWSGL4IF7KYBTRFFNAR5" name="dd323.csv" type="data">
            <links>
                <link href="/data/dd323.csv" method="GET" rel="content" type="text/csv" uri="/data/dd323.csv"/>
            </links>
        </file>
        <file contentKey="BHSPQHTLNTDE7KRJYCUTZQ2CAIEBDZOK" name="dd323index.csv" type="data">
            <links>
                <link href="/data/dd323index.csv" method="GET" rel="content" type="text/csv" uri="/data/dd323index.csv"/>
            </links>
        </file>
        <file contentKey="LFRUUQM2XSWLGIYPLVNKWWTLD75DZAPB" name="dd2491.csv" type="data">
            <links>
                <link href="/data/dd2491.csv" method="GET" rel="content" type="text/csv" uri="/data/dd2491.csv"/>
            </links>
        </file>
        <file contentKey="456Q464NU4JIWWXOZ7H5HV5K6KNJWCDA" name="dd2491index.csv" type="data">
            <links>
                <link href="/data/dd2491index.csv" method="GET" rel="content" type="text/csv" uri="/data/dd2491index.csv"/>
            </links>
        </file>
        <file contentKey="A5UGULWYVQPBPNIAFTTCUXYRKIDKHQDV" name="dd5590.csv" type="data">
            <links>
                <link href="/data/dd5590.csv" method="GET" rel="content" type="text/csv" uri="/data/dd5590.csv"/>
            </links>
        </file>
        <file contentKey="IBU3N24V7LFQWMQZ3LUHR7NSNIUNLCK5" name="dd5590index.csv" type="data">
            <links>
                <link href="/data/dd5590index.csv" method="GET" rel="content" type="text/csv" uri="/data/dd5590index.csv"/>
            </links>
        </file>
        <file contentKey="UYH7QUGTZZMUWPYCSQ4FEYCR7XYF7NNW" name="dd5840.csv" type="data">
            <links>
                <link href="/data/dd5840.csv" method="GET" rel="content" type="text/csv" uri="/data/dd5840.csv"/>
            </links>
        </file>
        <file contentKey="YES7VJQAUZ3GW5ZVCIMVPEAISP5L2TEZ" name="dd5840index.csv" type="data">
            <links>
                <link href="/data/dd5840index.csv" method="GET" rel="content" type="text/csv" uri="/data/dd5840index.csv"/>
            </links>
        </file>
        <file contentKey="4NRWP52H73ELVXW6KNR6LJR5WWSD6KJW" name="metadataSupplement" type="resource">
            <links>
                <link href="/metadataSupplement.xml" method="GET" rel="content" type="application/vnd.sas.report.metadata.supplement" uri="/metadataSupplement.xml"/>
            </links>
        </file>
        <file contentKey="NKXTFMETRGP3WSK6PHRSCRP3HVYSHJ2P" name="packageStatusReport.txt" type="status">
            <links>
                <link href="/packageStatusReport.txt" method="GET" rel="content" type="text/plain" uri="/packageStatusReport.txt"/>
            </links>
        </file>
        <file contentKey="3Z23HH34YHKPHXQKXCIIGF2YYN2IWFGP" name="index.html" type="html">
            <links>
                <link href="/index.html" method="GET" rel="content" type="text/html" uri="/index.html"/>
            </links>
        </file>
        <file contentKey="26NOBDUTRVAPOGMEHLYKNB5DLNMWPKBZ" name="packageIndex.html" type="html">
            <links>
                <link href="/packageIndex.html" method="GET" rel="content" type="text/html" uri="/packageIndex.html"/>
            </links>
        </file>
        <file contentKey="BTXKB4USKTQ6ZW2X3X5RM6GB6S52UGLF" name="viyafonts.css" type="css">
            <links>
                <link href="/css/viyafonts.css" method="GET" rel="content" type="text/css" uri="/css/viyafonts.css"/>
            </links>
        </file>
        <file contentKey="GWBEY45BDPJKVXB6NDWN3DRW54INU6VG" name="settings" type="resource">
            <links>
                <link href="/settings.json" method="GET" rel="content" type="application/vnd.sas.attributes" uri="/settings.json"/>
            </links>
        </file>
    </files>
    <formatLocale>en-US</formatLocale>
    <generatedTimeStamp>2023-03-02T06:03:50.410Z</generatedTimeStamp>
    <id>o_88c20e4d-ae18-48cc-ba38-a082c8c2f30d</id>
    <links>
        <link href="/reportPackages/packages/o_88c20e4d-ae18-48cc-ba38-a082c8c2f30d" method="GET" rel="self" type="application/vnd.sas.report.package" uri="/reportPackages/packages/o_88c20e4d-ae18-48cc-ba38-a082c8c2f30d"/>
        <link href="/reportData/results?reportContentKey=5OFUYCZ3QTE6CC6D2UO2WYELHSJAFPUX&amp;reportUri=%2Freports%2Freports%2Fcffe9690-1439-4256-bafe-5c776adcda2a&amp;reportDate=2023-03-02T06%3A03%3A50.410Z" method="POST" rel="requery" responseType="application/vnd.sas.report.results" type="application/vnd.sas.report.query.state" uri="/reportData/results?reportContentKey=5OFUYCZ3QTE6CC6D2UO2WYELHSJAFPUX&amp;reportUri=%2Freports%2Freports%2Fcffe9690-1439-4256-bafe-5c776adcda2a&amp;reportDate=2023-03-02T06%3A03%3A50.410Z"/>
        <link href="/reportData/jobs?reportContentKey=5OFUYCZ3QTE6CC6D2UO2WYELHSJAFPUX&amp;reportUri=%2Freports%2Freports%2Fcffe9690-1439-4256-bafe-5c776adcda2a&amp;reportDate=2023-03-02T06%3A03%3A50.410Z" method="POST" rel="requeryJob" responseType="application/vnd.sas.report.data.job" type="application/vnd.sas.report.query.state" uri="/reportData/jobs?reportContentKey=5OFUYCZ3QTE6CC6D2UO2WYELHSJAFPUX&amp;reportUri=%2Freports%2Freports%2Fcffe9690-1439-4256-bafe-5c776adcda2a&amp;reportDate=2023-03-02T06%3A03%3A50.410Z"/>
    </links>
    <locale>en-US</locale>
    <modifiedTimeStamp>2023-03-02T05:57:40.759Z</modifiedTimeStamp>
    <size>1410064</size>
    <source>/reports/reports/cffe9690-1439-4256-bafe-5c776adcda2a</source>
    <version>34</version>
    <warnings>result,limitedInteractivity</warnings>
</reportPackage>
